﻿videoname,videourl
AutoHotkey - Beginners tutorial (All the basic functions),https://www.youtube.com/watch?v=lxLNtBYjkjU
"Microsoft Power Automate | Add data to Excel, get data from Excel, Conditions and Send Email | Guide",https://www.youtube.com/watch?v=kbYGFIo0WGc
UiPath Beginners Course [2021] - How to Learn RPA,https://www.youtube.com/watch?v=sp5ZwFKfh-0
UiPath RPA Beginners Tutorial [2020],https://www.youtube.com/watch?v=3ZKzTHdpsTs
Microsoft Power Automate - How to get Forms responses to Excel and Email - Full Tutorial,https://www.youtube.com/watch?v=Q7W1BX-gvaA
UiPath REFramework - Full Tutorial - Example from Start to Finish,https://www.youtube.com/watch?v=LP5y51_n6BY
How to use Excel in Power Automate Desktop,https://www.youtube.com/watch?v=Xtc3bHcDrW4
Work with Files and Folders in Power Automate Desktop,https://www.youtube.com/watch?v=bWUdUrCvfiY
Microsoft Power Automate Tutorial for Beginners [2020],https://www.youtube.com/watch?v=omQ-fAF4QpI
Microsoft Power Automate - How to do REST API Calls and update Excel - Full Tutorial,https://www.youtube.com/watch?v=kgTHMDuvHY8
Microsoft Power Automate | Read Excel and send Email | Tutorial,https://www.youtube.com/watch?v=rPaJVdx_k2E
UiPath Data Scraping (Web Page to Excel) - Tutorial,https://www.youtube.com/watch?v=vIAJvk4quqA
How to Install AutoHotkey and create your first script - AutoHotkey Tutorial #1,https://www.youtube.com/watch?v=k7e9MrP-U_g
How to Send Multiple Emails with Dynamic Content in Microsoft Power Automate - Full Tutorial,https://www.youtube.com/watch?v=RjZgJ-_h-5c
How to do API calls in UiPath | Full Tutorial,https://www.youtube.com/watch?v=HiS_lQ1wbD4
Microsoft Power Automate - Tutorial for Beginners 2021,https://www.youtube.com/watch?v=MIDb3GOY1xI
How to Extract Data from PDF with Power Automate,https://www.youtube.com/watch?v=GW5iUV2rRGQ
UiPath Document Understanding - Invoice Data Extraction (Full Tutorial),https://www.youtube.com/watch?v=cp1hbChzUQ4
Microsoft Power Automate | How to create a flow and update an Excel Table | Tutorial,https://www.youtube.com/watch?v=NpM6xXod_Bc
"UiPath | How to Read Excel Data, do an Online Search and write the result in the next Column | Guide",https://www.youtube.com/watch?v=9HxtyuAiPTk
UiPath | How to automate Excel and work with Data Tables | Tutorial,https://www.youtube.com/watch?v=E9GUL53V3-E
The Beginner's Guide to AutoHotkey - AutoHotkey Basics Tutorial,https://www.youtube.com/watch?v=AvzhaoDxd8Q
Web Scraping in Power Automate for Desktop (Full Tutorial),https://www.youtube.com/watch?v=WXK0u2yXLrU
Lær at lave et Boxplot (boksplot) i Excel,https://www.youtube.com/watch?v=8XrThv21omo
UiPath - How to loop through rows and columns in Excel and pass values to web search/input,https://www.youtube.com/watch?v=LVHwmq7QVmI
How to extract data from PDF's with RegEx in UiPath - Full Tutorial,https://www.youtube.com/watch?v=uCdBC2pXPyY
Microsoft Power Automate: How to convert Excel (.xlsx) to .csv files - Full Tutorial,https://www.youtube.com/watch?v=Ik-TLaMByhw
How to create a Rapid Fire Script with AutoHotkey - Tutorial,https://www.youtube.com/watch?v=Kq80JpJEjt4
How to do Real Time Currency Conversion in Excel,https://www.youtube.com/watch?v=j_bMat4ZSts
🤖 Unattended Robots in UiPath Orchestrator (Full Tutorial),https://www.youtube.com/watch?v=5ixkFVEPCAU
