﻿proglbl,progurl
Freshers Masters Program,https://www.besanttechnologies.com/masters-program-for-fresher
Full Stack Master Program,https://www.besanttechnologies.com/masters-program-in-full-stack-training
Business Intelligence Masters Program,https://www.besanttechnologies.com/masters-program-in-business-intelligence-training
Software Testing Masters Program,https://www.besanttechnologies.com/masters-program-in-software-testing-training
DevOps Masters Program,https://www.besanttechnologies.com/masters-program-in-devops-training
Cloud Masters Program,https://www.besanttechnologies.com/masters-program-in-cloud-training
Data Science Masters Program,https://www.besanttechnologies.com/masters-program-in-data-science-training
Big Data Masters Program,https://www.besanttechnologies.com/masters-program-in-big-data-training
